model,vectorizer,train_score,test_score,precision,is_tuned
lr,cvec,0.9880521131236097,0.8327402135231317,0.8401448525607863,False
lr,tvec,0.9101366380680013,0.8413828164717845,0.8401412002017146,False
lr,cvec,0.9742612011439467,0.8462125063548551,0.8547717842323651,True
lr,tvec,0.9977756593581188,0.8500254194204372,0.8445440956651719,True
nb,cvec,0.8937400699078487,0.8355363497712253,0.82373046875,False
nb,tvec,0.8817286304416905,0.8233350279613625,0.7907188353048226,False
nb,cvec,0.9478233238004449,0.8421453990849008,0.8452502553626149,True
nb,tvec,0.9082300603749602,0.838840874428063,0.8332503733200597,True
lr,tvec,0.9977756593581188,0.8500254194204372,0.8445440956651719,True
rf,cvec,1.0,0.822572445348246,0.8284389489953632,False
rf,tvec,1.0,0.826131164209456,0.8237066800602713,False
